{
  "evaluation_timestamp": "2025-10-02T15:32:18.152123",
  "model_path": null,
  "dataset_size": 5,
  "device_used": "cpu",
  "overall_metrics": {
    "accuracy": "0.4995",
    "precision": "0.4991",
    "recall": "0.7475",
    "iou": "0.4271",
    "dice": "0.5986"
  },
  "detailed_metrics": {
    "accuracy": 0.49952393770217896,
    "mean_precision": 0.49912848961331063,
    "mean_recall": 0.7475438499960262,
    "mean_iou": 0.42713023673372436,
    "mean_dice": 0.5985862057149012,
    "per_class_metrics": {
      "class_0": {
        "precision": 0.5006952589386117,
        "recall": 0.2523231227644704,
        "iou": 0.20159684525693142,
        "dice": 0.33554822659978767,
        "tp": 41409.0,
        "fp": 41294.0,
        "fn": 122702.0,
        "tn": 122275.0
      },
      "class_1": {
        "precision": 0.49912848961331063,
        "recall": 0.7475438499960262,
        "iou": 0.42713023673372436,
        "dice": 0.5985862057149012,
        "tp": 122275.0,
        "fp": 122702.0,
        "fn": 41294.0,
        "tn": 41409.0
      }
    }
  },
  "per_sample_results": [
    {
      "sample_id": 0,
      "filename": "sample_000.png",
      "accuracy": 0.499267578125,
      "mean_precision": 0.4998874726353909,
      "mean_recall": 0.7447950007620789,
      "mean_iou": 0.42678474733183114,
      "mean_dice": 0.5982468597732671,
      "per_class_metrics": {
        "class_0": {
          "precision": 0.4974488264601717,
          "recall": 0.25318505392441415,
          "iou": 0.20161545385981558,
          "dice": 0.3355740028345819,
          "tp": 8287.0,
          "fp": 8372.0,
          "fn": 24444.0,
          "tn": 24433.0
        },
        "class_1": {
          "precision": 0.4998874726353909,
          "recall": 0.7447950007620789,
          "iou": 0.42678474733183114,
          "dice": 0.5982468597732671,
          "tp": 24433.0,
          "fp": 24444.0,
          "fn": 8372.0,
          "tn": 8287.0
        }
      }
    },
    {
      "sample_id": 1,
      "filename": "sample_001.png",
      "accuracy": 0.50347900390625,
      "mean_precision": 0.5039229599594526,
      "mean_recall": 0.7548820117229021,
      "mean_iou": 0.4330615373893651,
      "mean_dice": 0.60438651947673,
      "per_class_metrics": {
        "class_0": {
          "precision": 0.5021281845660354,
          "recall": 0.24962433683952284,
          "iou": 0.2000983284169125,
          "dice": 0.33346988938959443,
          "tp": 8140.0,
          "fp": 8071.0,
          "fn": 24469.0,
          "tn": 24856.0
        },
        "class_1": {
          "precision": 0.5039229599594526,
          "recall": 0.7548820117229021,
          "iou": 0.4330615373893651,
          "dice": 0.60438651947673,
          "tp": 24856.0,
          "fp": 24469.0,
          "fn": 8071.0,
          "tn": 8140.0
        }
      }
    },
    {
      "sample_id": 2,
      "filename": "sample_002.png",
      "accuracy": 0.498291015625,
      "mean_precision": 0.4942667842710919,
      "mean_recall": 0.7455214875777358,
      "mean_iou": 0.42291491154170174,
      "mean_dice": 0.5944345766725874,
      "per_class_metrics": {
        "class_0": {
          "precision": 0.5099791480488531,
          "recall": 0.25771488785187413,
          "iou": 0.20656370656370657,
          "dice": 0.3424,
          "tp": 8560.0,
          "fp": 8225.0,
          "fn": 24655.0,
          "tn": 24096.0
        },
        "class_1": {
          "precision": 0.4942667842710919,
          "recall": 0.7455214875777358,
          "iou": 0.42291491154170174,
          "dice": 0.5944345766725874,
          "tp": 24096.0,
          "fp": 24655.0,
          "fn": 8225.0,
          "tn": 8560.0
        }
      }
    },
    {
      "sample_id": 3,
      "filename": "sample_003.png",
      "accuracy": 0.495025634765625,
      "mean_precision": 0.4959417400679428,
      "mean_recall": 0.7456797675485548,
      "mean_iou": 0.42419180846991683,
      "mean_dice": 0.5956947736213257,
      "per_class_metrics": {
        "class_0": {
          "precision": 0.4922757525798376,
          "recall": 0.2454858256447733,
          "iou": 0.19588881329575275,
          "dice": 0.32760372221544964,
          "tp": 8062.0,
          "fp": 8315.0,
          "fn": 24779.0,
          "tn": 24380.0
        },
        "class_1": {
          "precision": 0.4959417400679428,
          "recall": 0.7456797675485548,
          "iou": 0.42419180846991683,
          "dice": 0.5956947736213257,
          "tp": 24380.0,
          "fp": 24779.0,
          "fn": 8315.0,
          "tn": 8062.0
        }
      }
    },
    {
      "sample_id": 4,
      "filename": "sample_004.png",
      "accuracy": 0.501556396484375,
      "mean_precision": 0.5015860022511,
      "mean_recall": 0.7467779775143962,
      "mean_iou": 0.4286763677067301,
      "mean_dice": 0.600102832798766,
      "per_class_metrics": {
        "class_0": {
          "precision": 0.5014696178993462,
          "recall": 0.25554027204646185,
          "iou": 0.20377321698435139,
          "dice": 0.3385574859271858,
          "tp": 8360.0,
          "fp": 8311.0,
          "fn": 24355.0,
          "tn": 24510.0
        },
        "class_1": {
          "precision": 0.5015860022511,
          "recall": 0.7467779775143962,
          "iou": 0.4286763677067301,
          "dice": 0.600102832798766,
          "tp": 24510.0,
          "fp": 24355.0,
          "fn": 8311.0,
          "tn": 8360.0
        }
      }
    }
  ]
}