{
  "overall_metrics": {
    "accuracy": 0.500787353515625,
    "precision": 0.39573899986372957,
    "recall": 0.500787353515625,
    "f1_score": 0.3342838374900146,
    "mean_iou": 0.2504144527432195,
    "mean_dice": 0.00011041914840461686,
    "pixel_accuracy": 0.500787353515625
  },
  "class_wise_metrics": {
    "precision": [
      0.5008072663124258,
      0.2903225806451613
    ],
    "recall": [
      0.9998659443912962,
      5.502265099132476e-05
    ],
    "f1_score": [
      0.6673539938181227,
      0.00011002444987775061
    ]
  },
  "per_image_metrics": {
    "pixel_accuracies": [
      0.499420166015625,
      0.49755859375,
      0.5068206787109375,
      0.5010223388671875,
      0.499114990234375
    ],
    "dice_scores": [
      0.0,
      6.073489203117788e-05,
      0.00024745584232732654,
      6.115646829130128e-05,
      0.00018274853937327862
    ],
    "iou_scores": [
      [
        0.499420166015625,
        0.0
      ],
      [
        0.49755092698558023,
        3.0368368307570834e-05
      ],
      [
        0.5067905755966551,
        0.0001237432327919567
      ],
      [
        0.5010147249561303,
        3.0579169469757204e-05
      ],
      [
        0.49909206048860877,
        9.138261902586128e-05
      ]
    ]
  },
  "confusion_matrix": [
    [
      164089,
      22
    ],
    [
      163560,
      9
    ]
  ],
  "evaluation_date": "2025-10-02T16:47:28.642462",
  "dataset_size": 5,
  "device_used": "cpu"
}